,name,prices,offers
0,DARK CHOC & ORANGE 80G,9.95,0
1,Crystal Coupe Glass Pair,69.95,0
2,Pieni Unikko Pot Holder,20.0,0
3,Deluxe Soy Candle - Marshmallow 284g,52.95,0
4,Nomad Mug 340ml Terrain,12.95,0
5,"Bloom Serving Spoons, 2 Pieces.",85.0,0
6,Nomad Mug 340ml Bloom,12.95,0
7,Orange & Bergamot Home & Linen Mist 100ml,55.0,0
8,To Mug,70.0,0
9,Nolan Small Tongs,19.95,0
10,Medium Salad Bowl,119.95,0
11,Footed Cake Plate,155.0,0
12,"Alfredo Bread Basket, Small",90.0,0
13,Juicy Salif Lemon Squeezer,145.0,0
14,"Deco Picture Frame, Large",130.0,0
15,Pomegranate Noir Home Candle 200G,106.0,0
16,BERNADOTTE SALT AND PEPPER SHAKER,105.0,0
17,12pc Rim Porcelain Dinner Set,89.95,0
18,MILK CHOC & HAZELNUT 80G,9.95,0
19,Estelle Crystal Coupe set of 2,69.95,0
20,Clive Small Vase,59.95,0
21,Ticking Stripe Napkin Set 4 Navy,39.95,0
22,Dubai Coasters,17.95,0
23,Tea Set 2 Cup Ivory,169.95,0
24,Oiva/Unikko mug 250ML,35.0,0
25,Blue Italian Salt & Pepper,84.95,0
26,Endurance+ Non-Stick Wok 36cm,339.95,0
27,ORIGIN WIDE OVAL BOWL 30CM,29.95,0
28,Paton Small Frame,24.95,0
29,16pc Coupe Dinner Set FBC,169.95,0
30,Grey Marble Coasters,17.95,0
31,Oiva Teapot,129.0,0
32,Rose Glass Teapot,79.95,0
33,Discus Votive,89.0,0
34,City Highball 4 Pck,85.0,0
35,Barbry Tray,245.0,0
36,Sbriciola Bread Board,210.0,0
37,Speckle Cuddle Mug 250ml Mixed Cool Set,34.95,0
38,Nomad Mug 340ml Dash,12.95,0
39,Tea Rex Water Kettle B,415.0,0
40,Osten Large Placemat,14.95,0
41,Dana Napkins Pack Of 4,49.95,0
42,Sky Coaster Set Ss Leather,130.0,0
43,"Cobra Candlestick, Medium (2 Pc.)",220.0,0
44,Red Roses Scent Surround Diffuser,147.0,0
45,Blush Stripe Tea Set with 2 Cups,169.95,0
46,Pacific Mug Dots,29.95,0
47,Teapot,89.95,0
48,Tapas Noodle Bowl,24.95,0
49,Speckle Polka Oval Platter,69.95,0
50,BEER LAGER 4-PACK,135.0,0
51,"Alfredo Carafe 1L, Glass",110.0,0
52,Cocktail Shaker Mirror,295.0,0
53,Hast Marble Bowl,69.95,0
54,Estelle Crystal Champagne Flute set of 2,69.95,0
55,Nomad Mug in Charcoal 340ml,14.95,0
56,Speckle Cuddle Mug 250ml Mixed Warm Set,34.95,0
57,ECOLOGY ALTO SERVING BOARD 56 X 34CM,79.95,0
58,SKY WINE CARAFE,195.0,0
59,Sky Cocktail Shaker,200.0,0
60,Martin Highball,19.95,0
61,Performance Oaked Chardonnay Set Of 2,110.0,0
62,Endurance+ Non-Stick 2 Piece Cookware Set,419.95,0
63,Todo Cheese Grater,145.0,0
64,Endurance+ Non-Stick Saute Pan 28cm,329.95,0
65,Blue Italian Devonia Tray,99.95,0
66,BEER PILS 4-PACK,135.0,0
67,Endurance+ Non-Stick Saute Pan 30cm,369.95,0
68,Pacific Mug Brush,29.95,0
69,Pacific Mug Lines,29.95,0
70,Ultrasonic Vaporiser Australian Native,94.95,0
71,Performance Cabernet Set Of Two,110.0,0
72,Siirto Teapot,139.0,0
73,Mediterraneo Salad Set,130.0,0
74,BEER TASTER 4-PACK,135.0,0
75,LA STANZA DELLO SCIROCCO CENTREPIECE BLACK,210.0,0
76,Teapot,89.95,0
77,Copenhagen Linen Union Tablecloth Denim 150cmx230cm,119.0,0
78,Large Statement Bowl,199.0,0
79,DIABOLIX BOTTLE OPENER RED,35.0,0
80,COPENHAGEN LINEN UNION TABLECLOTH SKY BLUE,119.0,0
81,Estelle Crystal Tumblers set of 2,69.95,0
82,French Bow Mug Set Of 2,79.95,0
83,Pacific Mug Texture,29.95,0
84,Speckle Oval Serving Platter 40cm Cobalt,49.95,0
85,SPECKLE OVAL SERVING PLATTER 40CM MILK,69.95,0
86,SIMPLICITE 3-PIECE CHEESE SET W/CLEAVER,76.95,0
87,CITY COASTER 4-PACK,70.0,0
88,Pacific Mug Circle,29.95,0
89,Teapot 700ml,79.95,0
90,Bloom Botanica Tea Light 2V Pcs,110.0,0
91,PARMENIDE GRATER ICE,50.0,0
92,HAZELNUT MYLK CHOCOLATE 80G,6.95,0
93,ROUND BASKET TEXTURE 21CM BLACK,140.0,0
94,Blue Italian Square Salad Bowl,179.0,0
95,Ebony Stripe Candle,64.95,0
96,Blue Italian Oval Platter,275.0,0
97,Astoria Alpaca Throw,445.0,0
98,BEER INDIA PALE ALE 4-PACK,135.0,0
99,Astoria Alpaca Throw,445.0,0
100,Blush Stripe Candle,64.95,0
101,Estelle Crystal Wine Glass set of 2,69.95,0
102,Crystal Champagne Flute Rose - Set of 2,69.95,0
103,Calo Robe,129.0,0
104,Oiva/Siirtolapuutarha coffee cup 200ml,32.0,0
105,12pc Coast Dinner Set,169.95,0
106,Orange & Bergamot Single Wick Candle,74.0,0
107,Crystal Wine Glass Rose - Set of 2,69.95,0
108,FULL BODIED WINE AERATOR HOLDER,235.88,0
109,ON THE BRINK GLASS DECANTER,555.65,0
110,Mono Placemats,49.95,0
111,ALFREDO SALT & PEPPER SMALL,220.0,0
112,Pieni Unikko Apron,73.0,0
113,Dubai Placemats,49.95,0
114,Rim Dinner Set 12pce FBC,139.95,0
115,Wooden Rd White 4pk Coaster,19.95,0
116,Mr & Mrs Mug Set Of 2,79.95,0
117,Dane Extra Large Vase,149.0,0
118,You Tea Infuser,55.0,0
119,Circus Jar,100.0,0
120,Oiva/Siirtolapuutarha Mug,41.0,0
121,Adler 2 Window Frame,49.95,0
122,Ocean Dreaming Coasters,17.95,0
123,Clive Xs Vase,39.95,0
124,Street Martini,85.0,0
125,MEN AT WORK MANDARIN DISH,377.43,0
126,Street Champagne,95.0,0
127,Paton Medium Frame,29.95,0
128,Dry 24 Pcs Cutlery Set,675.0,0
129,RECLINING GLASS BOWL AND STAND,1032.66,0
130,Small Oval Platter,79.95,0
131,Fascination Coasters,17.95,0
132,Dogs Dinner Placemats,49.95,0
133,Paton Large Frame,39.95,0
134,Fokus Tray,110.0,0
135,CITY MIXING GLASS WITH SPOON,65.0,0
136,Edo  Pan With 2 Handles,220.0,0
137,EQUAL TERMS CONDIMENT SET,162.51,0
138,Ocean Dreaming Placemats,49.95,0
139,Street Cognac,95.0,0
140,MAN WATER JUG,487.52,0
141,Paton Extra Large Frame,49.95,0
142,Fascination Placemats,49.95,0
143,Souk Bowl,17.95,0
144,"Alfredo Salad Bowl, Stainless Steel",165.0,0
145,Mindful Placemats,49.95,0
146,Street Double Old Fashion,60.0,0
147,Performance Riesling Set of 2,110.0,0
148,WINE & BAR CORKSCREW WINE STOPPER AND WINE POURER,255.0,0
149,Dogs Dinner Coasters,17.95,0
150,Souk Large Dip Bowl,24.95,0
151,Souk Dinner Plate,19.95,0
152,Souk Shallow Bowl,19.95,0
153,Bush Blooms Placemats,49.95,0
154,LAID BACK CHIP & DIP,644.78,0
155,Vivi Jug,49.95,0
156,Unikko jute placemat,53.0,0
157,Oiva/Unikko mug 250ml,35.0,0
158,Blue Italian daisy bowl 25cm,243.0,0
159,Nut Splitter Nutcracker,45.0,0
160,Oiva/Rasymatto Mug,41.0,0
161,KISS SALAD SERVERS,94.35,0
162,ROOST EGG CUP,95.0,0
163,Bush Blooms Coasters,17.95,0
164,Blue Italian octagonal platter 36cm,375.0,0
165,Oiva/Siirtolapuutarha serving Bowl 3.4L,149.0,0
166,GIANNI KITCHEN JAR 0.9L BLUE,60.0,0
167,Oiva/Unikko mug 250ML,35.0,0
168,Mindful Coasters,17.95,0
169,Souk Mug,14.95,0
170,CONCIERGE - BACKBEND,429.83,0
171,City Decanter,395.0,0
172,Souk Side Plate,17.95,0
173,Crystal Coupe Glass Pair,69.95,0
174,Anna G. Corkscrew Black,135.0,0
175,Demm Mug,19.95,0
176,Calo Hand Towel,19.95,0
177,Calo Bath Sheet,64.95,0
178,Elli Tea Towel,14.95,0
179,Wine Cooler,220.0,0
180,Calo Face Washer,12.95,0
181,SNOWBALL TEALIGHT HOLDER,65.0,0
182,Tapas Shallow Bowl,19.95,0
183,Weber Q (Q2000au) Black Bbq Lp,499.0,0
184,Meeka Tea Towel 2 Pack,29.95,0
185,Silk Pillowcase,79.95,0
186,Xave Tea Towel Pack Of 3,34.95,0
187,Tapas Mug,14.95,0
188,More Champagne 4 Pack,135.0,0
189,Dane Small Vase,29.95,0
190,More Wine 4 Pack,135.0,0
191,Tapas Bowl,17.95,0
192,Dane Ceramic Large Vase,79.95,0
193,Yarra Noodle Bowl,24.95,0
194,Dane Medium Vase,49.95,0
195,PEAK COASTER 4-PACK WITH HOLDER,65.0,0
196,Dane Large Vase,79.95,0
197,Baby Q BBQ LPG (Q1000AU),359.0,0
198,MORE WINE XL 4-PACK,139.0,0
199,Zoe Ring Stand,24.95,0
200,Ado Pepper Grinder,79.95,0
201,Vivi Tumbler Glass,17.95,0
202,Q BBQ LPG (Q2000AU),499.0,0
203,PEAK STRAW 4-PACK AND CLEANING BRUSH,45.0,0
204,Tapas Dinner Plate,19.95,0
205,Zoe Small Jewellery Box,99.95,0
206,Dane Xs Vase,19.95,0
207,Tapas Side Plate,17.95,0
208,Dane Ceramic Small Vase,39.95,0
209,Dane Ceramic Medium Vase,59.95,0
210,Gin & Tonic 4-Pack,135.0,0
211,Sans Marble Ring Stand,34.95,0
212,Dane Ceramic Xs Vase,29.95,0
213,Set 8 Coffee Spoons,170.0,0
214,Vivi Highball Glass,19.95,0
215,PULCINA ESPRESSO COFFEE MAKER 6 CUPS RED,250.0,0
216,More Multi Tumbler 4 Pack,135.0,0
217,Theo Arch Board Small,99.95,0
218,Preston Medium Glass Vase,69.95,0
219,Endurance+ Non-Stick 6 Piece Cookware Set,899.95,0
220,RIEDEL WINE FRIENDLY RED WINE 4 PACK,110.0,0
221,Wave Coupe Set of 2 in Pink,119.0,0
222,Calo Bath Towel,49.95,0
223,Side Plate Grazie Mille,29.0,0
224,Calo Bath Mat,39.95,0
225,Crab Plate 25cm by Daimon Downey,29.0,0
226,Ottawa Calico 12pc Dinner Set,189.95,0
227,Issi Tea Towel Pack Of 2,24.95,0
228,Pacific 16pc Set,349.0,0
229,Wave Glass Set of 2 in Amber,79.0,0
230,Noblesse Whisky Tumbler Set Of 4,100.0,0
231,Aeri Tea Towel Pack Of 3,34.95,0
232,ORIGIN ENTERTAINING SET OF 4 PCE,79.95,0
233,Chambray Stripe blue tea towel set of 3,29.95,0
234,Stripe Tea Towel Pack Of 3,34.95,0
235,Tapas Condiment Bowl,7.95,0
236,Simplicite Cutlery Set 24-piece,285.0,0
237,Side Plate Buon Appetito,29.0,0
238,Nolan Cheese Knife Set Of 2,29.95,0
239,David Jones 16 piece Coupe Dinner Set Porcelain,99.95,0
240,Jazz Champagne Coupe 300ml Set of Four,99.95,0
241,Tapas Salad Bowl,34.95,0
242,Nolan Salad Servers,49.95,0
243,MALTA 12PCE DINNERSET LINEN,189.95,0
244,Hast Coaster 4 Pack,49.95,0
245,Wooden Rd Black Placemat,16.95,0
246,STONELEIGH PINOT NOIR & NIBBLES HAMPER,129.95,0
247,Nolan Tongs,29.95,0
248,Petite Tea Set,109.95,0
249,Nomad Mug 340ml Grow,12.95,0
250,Carter Jute Placemat,19.95,0
251,Nomad Mug in Blush 340ml,14.95,0
252,Preston Large Glass Vase,89.95,0
253,"Endurance+ Non-Stick Frypan Triple Pack 20cm, 24cm & 28cm",419.95,0
254,Preston Small Vase,59.95,0
255,Speckle Milk Dinner Set 12pc,159.95,0
256,Herringbone blue tea towel set of 2,24.95,0
257,12pc White Coupe Dinner Set,149.95,0
258,Tapas Large Salad Bowl,49.95,0
259,18pc Rim Porcelain Dinner Set,129.95,0
260,Pacific Mugs Set Of 6,179.0,0
261,Wooden Rd Black 4pk Coaster,19.95,0
262,Demm Breakfast Bowl,19.95,0
263,Della Large Clock,99.95,0
264,Coupe 18pce Dinner Set FBC,199.95,0
265,Aspen Whisky Set Of 3,330.0,0
266,Heritage Tea Towel Pack Of 2,24.95,0
267,ASTORIA BATH TOWEL,60.0,0
268,Meeka Check Tea Towel Pack,29.95,0
269,Nomad Mug in Papaya 340ml,14.95,0
270,Hast Marble Board,89.95,0
271,Bloom Salt Cellar With Spoon,65.0,0
272,COPENHAGEN LINEN UNION TABLECLOTH NATURAL,119.0,0
273,ORIGIN ROUND PLATTER 40.5CM,69.95,0
274,Tapas Large Round Platter,59.95,0
275,Theo Timber Salad Server,39.95,0
276,Loft Round Tray,49.95,0
277,ORIGIN CAPSULE PLATTER 40.5CM,49.95,0
278,O Gift Set Of 5,110.0,0
279,Nomad Mug in Amber 340ml,14.95,0
280,Wooden Rd White Placemat,16.95,0
281,ECOLOGY ALTO SERVING BOARD 100 X 25CM,99.95,0
282,Salad Bowls Set Of Three,339.0,0
283,Nomad Mug 340ml Wave,12.95,0
284,Bloom Botanica Candleholders Ss,285.0,0
285,Mixology Spanish Gin & Tonic Set of 4,99.95,0
286,Emma Wall Clock,179.0,0
287,David Jones 12 piece Coupe Dinner Set Porcelain,89.95,0
288,Hamptons Navy Coasters,17.95,0
289,Bach Martini Set Of 4,89.95,0
290,Elephant Bottle Opener,65.0,0
291,Heritage tea towel set of 3,29.95,0
292,CITY OLD FASHIONED 4-PACK,85.0,0
293,ECOLOGY ALTO 3 PC CHEESE KNIFE SET,34.95,0
294,ECOLOGY ALTO 2 PC SALAD SERVERS,34.95,0
295,FIRENZE WALL CLOCK BLACK,150.0,0
296,Dana Tablecloth,149.0,0
297,"Alfredo Bread Basket, Large",110.0,0
298,Carter Jute 4pk Coaster,19.95,0
299,PINK GINSPIRATION PACK,59.95,0
300,Endurance+ Non-Stick Casserole 24cm,399.95,0
301,Street High Ball,60.0,0
302,Mono Coasters,17.95,0
303,Clive Large Vase,79.95,0
304,12 AUSTRALIAN CRAFT GIN SELECTION,110.0,0
305,Knifeforkspoon Cake Server,40.0,0
